,s_score,Hits,max_feat,avg_feat,max_centr,min_centr,avg_centr,features,all_same,hyd_prop,don_prop,catdon_prop,hydaro_prop,aniacc_prop,clusters,Receptor,hits_actual,Score Type,subset,match_features,quality_pred
9,0.5291988426983402,1.7568113585865304,-0.4338108315376664,-0.7721721312044538,0.6141676205266092,-0.4845774289331392,0.6682867249602884,0.0,-0.5388159060803247,-0.22646344900701498,1.9051586888313607,-0.5805838730195808,3.590924232298039,-0.2672612419124244,-1.6236882817719773,GPR101_4MQS_active,18,dE,gh,6,1
22,0.7163790658227658,1.0888222488578116,-0.924910212965079,-0.33407151197064255,0.7585203234377098,0.3115129887686511,0.47036143817719733,0.0,-0.5388159060803247,1.2038320203378639,-0.816496580927726,-0.9612946099938088,-0.512989176042577,5.077963596336064,-1.6236882817719773,GPR101_5ZKC_inactive,13,dU(class),moefrags,6,1
24,0.872531809523975,-0.2471559705996259,1.3877881884202636,1.7936716774315187,0.982682780557018,1.1386470313598798,0.8305665586228285,0.0,-0.5388159060803247,-0.22646344900701498,0.5443310539518174,-0.9612946099938088,-0.512989176042577,-0.2672612419124244,-1.6236882817719773,GPR101_5ZKC_inactive,3,dE(class),ef,6,1
26,1.1088159217547333,1.7568113585865304,0.45381321954125803,0.11126451934495141,1.2085397497112242,1.1386470313598798,1.4090895602097653,0.0,1.8559214542766738,2.157362335459354,-0.816496580927726,-0.9612946099938088,-0.512989176042577,-0.2672612419124244,-1.6236882817719773,GPR101_5ZKC_inactive,18,dU(class),ef,6,1
28,0.9584533539786118,1.2224200708035553,0.2079277747629998,0.3866636050385251,0.982682780557018,0.7957476476839389,0.6375932105245382,0.0,-0.5388159060803247,-0.22646344900701498,0.5443310539518174,-0.9612946099938088,1.538967528127731,-0.2672612419124244,-1.6236882817719773,GPR101_5ZKC_inactive,14,dE(class),gh,6,1
30,1.1035652837224879,3.7607786877726865,-0.924910212965079,-0.9295519853376268,0.7585203234377098,1.1386470313598798,1.239828670307164,0.0,1.8559214542766738,2.157362335459354,-0.816496580927726,-0.9612946099938088,-0.512989176042577,-0.2672612419124244,-1.6236882817719773,GPR101_5ZKC_inactive,33,dU(class),gh,6,1
38,1.1088159217547333,-0.2471559705996259,1.3650844708997911,1.0922822100686158,1.1594112867865736,1.9981789035171345,1.5295028105909438,0.0,1.8559214542766738,2.157362335459354,-0.816496580927726,-0.9612946099938088,-0.512989176042577,-0.2672612419124244,-1.6236882817719773,GPR101_5ZKC_inactive,3,dU(class),rec_gh,6,1
