,s_score,Hits,max_feat,avg_feat,max_centr,min_centr,avg_centr,features,all_same,hyd_prop,don_prop,catdon_prop,hydaro_prop,aniacc_prop,clusters,Receptor,hits_actual,Score Type,subset,match_features,quality_pred
21,-0.11118240885424167,-0.6960693024363093,1.1115829816943763,0.9818115713795761,0.8801135907381061,0.461243791233105,1.0797938729834298,0.0,-0.5388159060803247,-0.22646344900701498,-0.816496580927726,0.5615483352381282,1.538967528127731,-0.2672612419124244,-1.3627702877384935,GPR101_5ZKC_inactive,2,dE,moefrags,5,1
29,-0.06769533064436571,-0.7063244671130874,1.3218515749221063,0.4932147175900872,1.1209824978298228,0.8992698121055431,1.3595247335000218,0.0,-0.5388159060803247,-0.70322860656776,-0.816496580927726,0.942259072212356,1.538967528127731,-0.2672612419124244,-1.3627702877384935,GPR101_5ZKC_inactive,1,dE,gh,5,1
37,0.030912105266701167,-0.7165796317898654,1.3218515749221063,1.1086923611118014,1.1209824978298228,0.8992698121055431,1.2041001755744956,0.0,-0.5388159060803247,-0.70322860656776,-0.816496580927726,0.942259072212356,-0.512989176042577,-0.2672612419124244,-1.3627702877384935,GPR101_5ZKC_inactive,0,dE,rec_gh,5,1
