,s_score,Hits,max_feat,avg_feat,max_centr,min_centr,avg_centr,features,all_same,hyd_prop,don_prop,catdon_prop,hydaro_prop,aniacc_prop,clusters,Receptor,hits_actual,Score Type,subset,match_features,quality,quality_pred
13,-0.7250818794907052,1.83055828575511,-0.1515185986300498,-0.3021863920534807,-1.0199213870320156,-1.4411219040932373,-1.2567034461509121,0.0,-0.5179697702828123,-0.709244981692023,-0.7418071977193716,-0.5459510900901742,3.9008908152551993,0.0,0,A2A,568,dE,ef,3,0,0
