s_score,Hits,max_feat,avg_feat,max_centr,min_centr,avg_centr,features,all_same,hyd_prop,don_prop,catdon_prop,hydaro_prop,aniacc_prop,clusters,Receptor,hits_actual,score_type,subset,match_features,quality_pred
1.3873442160161797,-0.5502429610585954,-1.0220957062622706,-0.9590131644828584,-0.7348723451813258,0.01775907114265092,0.5750477462072253,0.0,-0.49999999999999994,1.5523344123213627,0.3841106397986879,-0.9918366125022444,-0.6081636405595373,0.0,0,GPR101_AF,17,dU(class),moe,5,1
-0.35244580258678687,-0.9853187907328336,1.887216268926857,2.4531933518323785,0.6118386023606892,0.9942390558689833,0.9228940114007084,0.0,-0.49999999999999994,-0.5888164883046066,-0.8962581595302718,-0.27050087044913984,-0.6081636405595373,0.0,0,GPR101_AF,0,dE(class),rec_ef,5,1
