s_score,Hits,max_feat,avg_feat,max_centr,min_centr,avg_centr,features,all_same,hyd_prop,don_prop,catdon_prop,hydaro_prop,aniacc_prop,clusters,Receptor,hits_actual,score_type,subset,match_features,quality_pred
0.8011611944009417,0.14244112255750352,-0.12364202150639177,0.09412194052050743,0.3256251857607659,-0.6368193365011311,-0.21636659641326872,0.0,-0.22941573387056183,1.0657965536044776,0.3580574370197166,-0.718646005123483,-0.7633700367119739,0.0,0,GPR37_AF,12,dE(class),ef,6,1
1.159549822064455,-0.18881730199483018,-0.3223558840704418,-0.3029020636912651,0.3256251857607659,-0.7454210601624186,-0.038364500499614984,0.0,-0.22941573387056183,1.0657965536044776,0.3580574370197166,-0.718646005123483,0.9330078226479681,0.0,0,GPR37_AF,7,dU(class),moe,6,1
1.0299602720521954,-0.6525790963680973,-0.9129709236117195,-0.9714492145898983,0.6090983855865806,1.71690890783814,1.4530475410873915,0.0,-0.22941573387056183,0.5192342694351787,0.3580574370197166,-0.718646005123483,-0.7633700367119739,0.0,0,GPR37_AF,0,dE(class),rec_ef,6,1
0.04961931504341495,-0.6525790963680973,2.5807444333834044,2.8163863958370663,1.6554811316636335,0.6700380717000445,1.2763413448280203,0.0,-0.22941573387056183,-0.027328167771573438,0.3580574370197166,-0.3404112537400885,-0.7633700367119739,0.0,0,GPR37_AF,0,dU(class),rec_ef,6,1
1.0766830317347007,-0.3213206718157637,-0.14043468214283308,-0.08585558752761713,0.23886616600662866,-0.6368193365011311,0.12004144003923703,0.0,-0.22941573387056183,1.61235887603314,-1.0741723110591492,-0.718646005123483,-0.7633700367119739,0.0,0,GPR37_AF,5,dE(class),rec_gh,6,1
