,s_score,Hits,max_feat,avg_feat,max_centr,min_centr,avg_centr,features,all_same,hyd_prop,don_prop,catdon_prop,hydaro_prop,aniacc_prop,clusters,Receptor,hits_actual,Score Type,subset,match_features,quality_pred
16,0.8016465758547476,-0.5143516144911134,0.24688656804409317,0.4094932440633344,-0.22305609487202985,-1.097427268849571,-0.863452247161968,0.0,-0.5388159060803247,0.727066862777119,-0.816496580927726,-0.19987313604535276,-0.512989176042577,-0.2672612419124244,-0.6158817620514397,GPR101_4MQS_active,1,dE(class),rec_gh,6,1
20,0.8763895864694934,0.15363749523760536,-0.3184676740768345,-0.01730661962736885,0.982682780557018,0.36688976159199566,0.593275046078315,0.0,-0.5388159060803247,-0.22646344900701498,0.5443310539518174,-0.9612946099938088,1.538967528127731,2.4053511772118195,-0.6158817620514397,GPR101_5ZKC_inactive,6,dE(class),moefrags,6,1
34,1.1020649471195687,-0.3807537925453697,-0.8298411665424702,-1.2936563195217248,1.080552402980857,1.060087492723146,1.5875282429780628,0.0,1.8559214542766738,2.157362335459354,-0.816496580927726,-0.9612946099938088,-0.512989176042577,-0.2672612419124244,-0.6158817620514397,GPR101_5ZKC_inactive,2,dU(class),rec_ef,6,1
